<?xml version="1.0" encoding="UTF-8"?>
<root>
  <item name="com.shanjin.android.omeng.merchant.library.statusbar.StatusBarFontHelper void setDarkMode(android.app.Activity, int) 1">
    <annotation name="android.support.annotation.IntDef">
      <val name="value" val="{com.shanjin.android.omeng.merchant.library.statusbar.StatusBarFontHelper.OTHER, com.shanjin.android.omeng.merchant.library.statusbar.StatusBarFontHelper.MIUI, com.shanjin.android.omeng.merchant.library.statusbar.StatusBarFontHelper.FLYME, com.shanjin.android.omeng.merchant.library.statusbar.StatusBarFontHelper.ANDROID_M}" />
    </annotation>
  </item>
  <item name="com.shanjin.android.omeng.merchant.library.statusbar.StatusBarFontHelper void setLightMode(android.app.Activity, int) 1">
    <annotation name="android.support.annotation.IntDef">
      <val name="value" val="{com.shanjin.android.omeng.merchant.library.statusbar.StatusBarFontHelper.OTHER, com.shanjin.android.omeng.merchant.library.statusbar.StatusBarFontHelper.MIUI, com.shanjin.android.omeng.merchant.library.statusbar.StatusBarFontHelper.FLYME, com.shanjin.android.omeng.merchant.library.statusbar.StatusBarFontHelper.ANDROID_M}" />
    </annotation>
  </item>
  <item name="com.shanjin.android.omeng.merchant.library.statusbar.StatusBarFontHelper void setStatusBarMode(android.app.Activity, int, boolean) 1">
    <annotation name="android.support.annotation.IntDef">
      <val name="value" val="{com.shanjin.android.omeng.merchant.library.statusbar.StatusBarFontHelper.OTHER, com.shanjin.android.omeng.merchant.library.statusbar.StatusBarFontHelper.MIUI, com.shanjin.android.omeng.merchant.library.statusbar.StatusBarFontHelper.FLYME, com.shanjin.android.omeng.merchant.library.statusbar.StatusBarFontHelper.ANDROID_M}" />
    </annotation>
  </item>
  <item name="com.shanjin.android.omeng.merchant.library.statusbar.StatusBarFontHelper.SystemType">
    <annotation name="android.support.annotation.IntDef">
      <val name="value" val="{com.shanjin.android.omeng.merchant.library.statusbar.StatusBarFontHelper.OTHER, com.shanjin.android.omeng.merchant.library.statusbar.StatusBarFontHelper.MIUI, com.shanjin.android.omeng.merchant.library.statusbar.StatusBarFontHelper.FLYME, com.shanjin.android.omeng.merchant.library.statusbar.StatusBarFontHelper.ANDROID_M}" />
    </annotation>
  </item>
</root>

